{
  "love_dir": "/ix/djishnu/Aaron/1_general_use/SLIDE_py/comparison/build_check_outputs/20260122_135613/R_native",
  "backend": "R_knockoffs_py_stats",
  "fdr": 0.1,
  "seed": 42,
  "n_param_sets": 1,
  "results": [
    {
      "params": {
        "delta": 0.1,
        "lambda": 0.5,
        "fdr": 0.1
      },
      "z_shape": [
        60,
        16
      ],
      "param_dir": "/ix/djishnu/Aaron/1_general_use/SLIDE_py/comparison/build_check_outputs/20260122_135613/R_native/0.1_0.5_out",
      "result": {
        "W": [
          0.0,
          -0.0,
          -0.0,
          -0.0,
          -0.08693915266555055,
          0.0,
          0.0,
          -0.0,
          -0.0,
          -0.0,
          -7.589637625135157,
          -0.7414909621548551,
          0.004417856904078468,
          0.0,
          3.6034632809773104,
          0.0
        ],
        "threshold": "inf",
        "selected": [],
        "n_selected": 0
      }
    }
  ]
}